Hito / Métrica Clave,Plataforma / Área,Resultado (Julio 2026),Impacto Comercial
Toma de control operativo,Gestión General,100% de control asumido desde el 15 de julio,Fin del periodo de inactividad; estabilización estratégica.
Cumplimiento de entregables,Producción,117 piezas gráficas y audiovisuales entregadas,Superación de la cuota operativa base exigida.
Transición a video corto,Producción,27 Reels / TikToks en formato MP4 editados,Adaptación a tendencias para retener atención de la audiencia.
Freno de caída de audiencia,Facebook e Instagram,Reducción controlada a 94 unfollows,Reactivación de la comunidad y freno a la fuga de clientes.
Crecimiento neto,Facebook e Instagram,+289 seguidores reales (+15.6%),Aumento de la base instalada de público objetivo directo.
Explosión de alcance,Facebook e Instagram,+144.000 visualizaciones totales concentradas,Exposición masiva de la cartelera y productos de confitería.
Rescate del algoritmo,TikTok,93.100 visualizaciones logradas en 7 días,Recuperación de la visibilidad tras semanas de inactividad.
Viralidad y recomendación,TikTok,963 veces compartido,Boca a boca digital para fomentar visitas presenciales.
Casos de éxito UGC,Instagram / TikTok,+47.5K vistas en Collab (Spider-Man x Farock),Conexión con público joven mediante tendencias y humor.
Recuperación de canal de atención,Mensajería,Tiempo de respuesta reducido a 40 minutos,Rescate de mensajes perdidos e incremento de intenciones de compra.
